author,top_level_comment,top_level_score,created,replies,timestamp
That_Talio,Chad moment,8,1635921921,{},2021-11-03 02:45:21
Illdieforthefunk,None,None,0,"{'hj5zoqe': ['Rip', 4]}",1969-12-31 19:00:00
slowcroak,The saddest day of the year.,7,1635957908,{},2021-11-03 12:45:08
Paradox,None,None,0,"{'hnyac44': [""I'll look into getting a new bot running. The original hampton died when they started forcing bots into oAuth."", 3]}",1969-12-31 19:00:00
Racingstripe,"Fix this sub, /u/Paradox (pls)",3,1639112896,"{'hnycsxo': ['Thank you so much :)', 3]}",2021-12-10 00:08:16
rUafraid,R.i.p.,2,1635991166,{},2021-11-03 21:59:26
bodnast,This subreddit was so good back in the day. Sorting by top of all time is still a treat,18,1635945133,{},2021-11-03 09:12:13
acc882,For the love of god please revive /u/f7u12_hampton,24,1635926946,{},2021-11-03 04:09:06
ANUS_FACTS_BOT,None,None,0,"{'hngn7sn': [""They did revive it, it's here: r/fffffffuuuuuuuuuuuu"", 1]}",1969-12-31 19:00:00
InstantSheepMix,le death,34,1635916276,{},2021-11-03 01:11:16
